AI Feature,Effectiveness Score (%)
Context Awareness,69.27248478872589
Personalized Responses,65.48446892631618
Emotional Intelligence,79.26190771160044
Adaptability,92.14524856295247
Sentiment Analysis,97.73336584696769
Knowledge Expansion,78.24166734248737
Error Correction,70.8904123050708
User Engagement,84.4395861144524
Conversational Flow,78.9019602289253
Transparency,82.25892765354322
Bias Reduction,92.37529700862942
Trustworthiness,96.89242691332242
Multi-modal Processing,82.74989468437585
Real-time Feedback,65.26039656628832
Accessibility,77.75933159256755
Natural Language Processing,66.67233742556705
Intuitive Interactions,67.39380823766818
Learning from User Behavior,84.18103796200174
Content Summarization,65.16838011346879
Ethical Reasoning,60.107227581428916
